station,line,complex_ids,latitude,longitude
Van Cortlandt Park–242 St,1,293,40.889248,-73.89858
238 St,1,294,40.884666,-73.90087
231 St,1,295,40.878857,-73.90483
Marble Hill–225 St,1,296,40.87456,-73.90983
215 St,1,297,40.869446,-73.915276
207 St,1,298,40.86462,-73.91882
Dyckman St,1,"299,144",40.86053,-73.92554
191 St,1,300,40.855225,-73.92941
181 St,1,"146,301",40.849506,-73.93359
168 St,1,605,40.840717,-73.93956
157 St,1,303,40.83404,-73.94489
145 St,1,"437,151,304",40.82655,-73.95036
137 St–City College,1,305,40.822006,-73.953674
125 St,1,"392,153,306,439",40.815582,-73.958374
116 St–Columbia University,1,307,40.80772,-73.96411
Cathedral Pkwy (110 St),1,"169,623,325",40.722855,-74.00628
103 St,1,"156,309,395",40.799446,-73.968376
96 St,1,"310,157,475,396",40.79392,-73.97232
86 St,1,"397,476,38,311,158,79",40.788643,-73.97622
79 St,1,"312,65",40.783936,-73.97992
72 St,1,"313,160,477",40.778454,-73.98197
66 St–Lincoln Center,1,314,40.77344,-73.98221
59 St–Columbus Circle,1,614,40.768295,-73.981735
50 St,1,"61,162,316",40.761726,-73.98385
Times Sq–42 St,1,611,40.75731,-73.986755
34 St–Penn Station,1,"164,318",40.750374,-73.99106
28 St,1,"13,319,404",40.747215,-73.99336
23 St,1,"405,165,14,228,320",40.74408,-73.99566
18 St,1,321,40.74104,-73.99787
14 St,1,"437,151,304",40.82655,-73.95036
Christopher St–Stonewall,1,323,40.73342,-74.00291
Houston St,1,324,40.728252,-74.00536
Canal St,1,"169,623,325",40.722855,-74.00628
Franklin St,1,326,40.71932,-74.00689
Chambers St,1,327,40.715477,-74.00927
WTC Cortlandt,1,328,40.711834,-74.01219
Rector St,1,"329,22",40.70751,-74.01379
South Ferry,1,635,40.703087,-74.01299
Wakefield-241 St,2,416,40.903126,-73.85062
Nereid Av,2,417,40.89838,-73.85438
233 St,2,418,40.893192,-73.857475
225 St,2,419,40.888023,-73.860344
219 St,2,420,40.883896,-73.86263
Gun Hill Rd,2,"444,421",40.87785,-73.86626
Burke Av,2,422,40.871357,-73.867165
Allerton Av,2,423,40.865463,-73.867355
Pelham Pkwy,2,"445,424",40.857193,-73.867615
Bronx Park East,2,425,40.848827,-73.868454
E 180 St,2,426,40.841892,-73.87349
West Farms Sq-E Tremont Av,2,427,40.840294,-73.88005
174 St,2,428,40.837288,-73.88773
Freeman St,2,429,40.829994,-73.89187
Simpson St,2,430,40.824074,-73.89307
Intervale Av,2,431,40.82218,-73.896736
Prospect Av,2,"432,30",40.819584,-73.90177
Jackson Av,2,433,40.81649,-73.90781
3 Av-149 St,2,434,40.81611,-73.917755
149 St–Grand Concourse,2,603,40.818375,-73.92735
135 St (Lenox Av),2,"152,438",40.814228,-73.94077
125 St (Lenox Av),2,"392,153,306,439",40.807755,-73.945496
116 St (Lenox Av),2,"393,154,440",40.802097,-73.94962
110 St–Malcolm X Plaza,2,426,40.841892,-73.87349
96 St & Broadway,2,"310,157,475,396",40.79392,-73.97232
72 St & Broadway,2,"313,160,477",40.778454,-73.98197
Times Sq–42 St,2,611,40.75731,-73.986755
34 St–Penn Station,2,"164,318",40.750374,-73.99106
14 St,2,428,40.837288,-73.88773
Chambers St,2,327,40.715477,-74.00927
Park Place,2,334,40.697468,-73.99309
Fulton St,2,"628,292",40.710373,-74.00657
Wall St,2,"333,413",40.70682,-74.0091
Clark St,2,334,40.697468,-73.99309
Borough Hall,2,"444,421",40.87785,-73.86626
Hoyt St,2,336,40.690544,-73.98506
Nevins St,2,337,40.688248,-73.98049
Atlantic Av–Barclays Ctr,2,617,40.68436,-73.97767
Bergen St,2,"236,339",40.68083,-73.9751
Grand Army Plaza,2,340,40.675236,-73.97105
Eastern Pkwy–Brooklyn Museum,2,341,40.671986,-73.96438
Franklin Av–Medgar Evers College,2,353,40.667885,-73.95068
President St–Medgar Evers College,2,353,40.667885,-73.95068
Sterling St,2,354,40.662743,-73.95085
Winthrop St,2,355,40.65665,-73.9502
Church Av,2,"356,44,243",40.650845,-73.94958
Beverly Rd,2,357,40.6451,-73.94896
Newkirk Av–Little Haiti,2,358,40.63997,-73.94841
Flatbush Av–Brooklyn College,2,359,40.632835,-73.94764
Harlem-148 St,3,436,40.82388,-73.93647
145 St,3,"437,151,304",40.82042,-73.93625
135 St,3,"152,438",40.814228,-73.94077
125 St,3,"392,153,306,439",40.807755,-73.945496
116 St,3,"393,154,440",40.802097,-73.94962
110 St-Malcolm X Plaza,3,"393,154,440",40.802097,-73.94962
96 St,3,"310,157,475,396",40.79392,-73.97232
72 St,3,"313,160,477",40.778454,-73.98197
Times Square-42 St,3,611,40.75731,-73.986755
34 St-Penn Station,3,"164,318",40.750374,-73.99106
14 St,3,"437,151,304",40.82042,-73.93625
Chambers St,3,327,40.715477,-74.00927
Park Place,3,334,40.697468,-73.99309
Fulton St,3,"628,292",40.710373,-74.00657
Wall St,3,"333,413",40.70682,-74.0091
Clark St,3,334,40.697468,-73.99309
Borough Hall,3,"333,413",40.70682,-74.0091
Hoyt St,3,336,40.690544,-73.98506
Nevins St,3,337,40.688248,-73.98049
Atlantic Av-Barclays Ctr,3,617,40.68436,-73.97767
Bergen St,3,"236,339",40.68083,-73.9751
Grand Army Plaza,3,340,40.675236,-73.97105
Eastern Parkway-Brooklyn Museum,3,341,40.671986,-73.96438
Franklin Av-Medgar Evers College,3,626,40.67068,-73.95813
Nostrand Av,3,"343,179",40.669846,-73.95046
Kingston Av,3,344,40.6694,-73.94216
Crown Heights-Utica Av,3,345,40.668896,-73.932945
Sutter Ave-Rutland Rd,3,346,40.66472,-73.92261
Saratoga Av,3,347,40.661453,-73.91633
Rockaway Av,3,"348,183",40.662548,-73.90894
Junius St,3,349,40.663513,-73.90245
Pennsylvania Av,3,350,40.664635,-73.8949
Van Siclen Av,3,"351,90,186",40.665447,-73.8894
New Lots Av,3,"136,352",40.666237,-73.88408
Woodlawn,4,378,40.886036,-73.87875
Mosholu Pkwy,4,379,40.87975,-73.88466
Bedford Pk Blvd-Lehman College,4,380,40.873413,-73.89006
Kingsbridge Rd,4,"212,381",40.86776,-73.89717
Fordham Rd,4,"213,382",40.862804,-73.90103
183 St,4,383,40.858406,-73.90388
Burnside Av,4,384,40.853455,-73.907684
176 St,4,385,40.84848,-73.9118
Mt Eden Av,4,386,40.844433,-73.91469
170 St,4,"217,387",40.840076,-73.91779
167 St,4,"388,218",40.835537,-73.9214
161 St-Yankee Stadium,4,604,40.827995,-73.92565
149 St-Grand Concourse,4,603,40.818375,-73.92735
138 St-Grand Concourse,4,391,40.813225,-73.92985
125 St,4,"392,153,306,439",40.80414,-73.93759
86 St,4,"397,476,38,311,158,79",40.77949,-73.95559
59 St,4,"392,153,306,439",40.80414,-73.93759
Grand Central-42 St,4,610,40.751778,-73.976845
14 St-Union Sq,4,602,40.735737,-73.98995
Brooklyn Bridge-City Hall,4,622,40.71324,-74.0034
Fulton St,4,"628,292",40.710373,-74.00657
Wall St,4,"333,413",40.707558,-74.01186
Bowling Green,4,414,40.70482,-74.01407
Borough Hall,4,"333,413",40.707558,-74.01186
Nevins St,4,337,40.688248,-73.98049
Atlantic Av-Barclays Ctr,4,617,40.68436,-73.97767
Franklin Av-Medgar Evers College,4,380,40.873413,-73.89006
Crown Heights-Utica Av,4,345,40.668896,-73.932945
Eastchester-Dyre Av,5,442,40.8883,-73.83083
Baychester Av,5,443,40.878662,-73.83859
Gun Hill Rd,5,"444,421",40.869526,-73.84638
Pelham Pkwy,5,"445,424",40.858986,-73.85536
Morris Park,5,446,40.854362,-73.8605
E 180 St,5,426,40.841892,-73.87349
West Farms Sq-E Tremont Av,5,427,40.840294,-73.88005
174 St,5,428,40.837288,-73.88773
Freeman St,5,429,40.829994,-73.89187
Simpson St,5,430,40.824074,-73.89307
Intervale Av,5,431,40.82218,-73.896736
Prospect Av,5,"432,30",40.819584,-73.90177
Jackson Av,5,433,40.81649,-73.90781
3 Av-149 St,5,434,40.81611,-73.917755
149 St-Grand Concourse,5,603,40.818375,-73.92735
138 St-Grand Concourse,5,391,40.813225,-73.92985
125 St,5,"392,153,306,439",40.80414,-73.93759
86 St,5,"397,476,38,311,158,79",40.77949,-73.95559
59 St,5,"392,153,306,439",40.80414,-73.93759
Grand Central-42 St,5,610,40.751778,-73.976845
14 St-Union Sq,5,602,40.735737,-73.98995
Brooklyn Bridge-City Hall,5,622,40.71324,-74.0034
Fulton St,5,"628,292",40.710373,-74.00657
Wall St,5,"333,413",40.707558,-74.01186
Bowling Green,5,414,40.70482,-74.01407
Nereid Av,5,417,40.89838,-73.85438
233 St,5,418,40.893192,-73.857475
225 St,5,419,40.888023,-73.860344
219 St,5,420,40.883896,-73.86263
Burke Av,5,422,40.871357,-73.867165
Allerton Av,5,423,40.865463,-73.867355
Bronx Park East,5,425,40.848827,-73.868454
Borough Hall,5,"444,421",40.869526,-73.84638
Nevins St,5,337,40.688248,-73.98049
Atlantic Av-Barclays Ctr,5,617,40.68436,-73.97767
Franklin Av-Medgar Evers College,5,353,40.667885,-73.95068
President St-Medgar Evers College,5,353,40.667885,-73.95068
Sterling St,5,354,40.662743,-73.95085
Winthrop St,5,355,40.65665,-73.9502
Church Av,5,"356,44,243",40.650845,-73.94958
Beverly Rd,5,357,40.6451,-73.94896
Newkirk Av-Little Haiti,5,358,40.63997,-73.94841
Flatbush Av-Brooklyn College,5,359,40.632835,-73.94764
Pelham Bay Park,6,360,40.852463,-73.82812
Buhre Av,6,361,40.84681,-73.832565
Middletown Rd,6,362,40.843864,-73.83632
Westchester Sq-East Tremont Av,6,363,40.839893,-73.84295
Zerega Av,6,364,40.836487,-73.84704
Castle Hill Av,6,365,40.834255,-73.85122
Parkchester,6,366,40.833225,-73.86082
St Lawrence Av,6,367,40.83151,-73.867615
Morrison Av-Soundview,6,368,40.82952,-73.87452
Elder Av,6,369,40.828583,-73.87916
Whitlock Av,6,370,40.826527,-73.886284
Hunts Point Av,6,371,40.82095,-73.89055
Longwood Av,6,372,40.816105,-73.89644
E 149 St,6,373,40.81212,-73.9041
E 143 St-Mary's St,6,374,40.80872,-73.90765
Cypress Av,6,375,40.805367,-73.91404
Brook Av,6,376,40.807568,-73.91924
3 Av-138 St,6,377,40.810474,-73.92614
125 St,6,"392,153,306,439",40.80414,-73.93759
116 St,6,"393,154,440",40.79863,-73.94162
110 St,6,394,40.79502,-73.94425
103 St,6,"156,309,395",40.7906,-73.94748
96 St,6,"310,157,475,396",40.78567,-73.95107
86 St,6,"397,476,38,311,158,79",40.77949,-73.95559
77 St,6,"398,37",40.77362,-73.95988
68 St-Hunter College,6,399,40.768143,-73.96387
59 St,6,"310,157,475,396",40.78567,-73.95107
51 St,6,"393,154,440",40.79863,-73.94162
Grand Central-42 St,6,610,40.751778,-73.976845
33 St,6,403,40.746082,-73.98208
28 St,6,"13,319,404",40.74307,-73.98426
23 St,6,"405,165,14,228,320",40.739864,-73.9866
14 St-Union Sq,6,602,40.735737,-73.98995
Astor Pl,6,407,40.730053,-73.99107
Bleeker St,6,"169,623,325",40.71953,-73.99989
Spring St,6,"409,168",40.7223,-73.99714
Canal St,6,"169,623,325",40.71953,-73.99989
Brooklyn Bridge-City Hall,6,622,40.71324,-74.0034
Flushing-Main St,7,447,40.7596,-73.83003
Mets-Willets Point,7,448,40.754623,-73.84563
111 St,7,"194,449,81",40.75173,-73.85533
103 St-Corona Plaza,7,450,40.749866,-73.8627
Junction Blvd,7,451,40.749146,-73.86953
90 St-Elmhurst Av,7,452,40.74841,-73.87661
82 St-Jackson Hts,7,453,40.747658,-73.8837
74 St-Broadway,7,459,40.743782,-73.92402
69 St,7,455,40.746326,-73.8964
61 St-Woodside,7,456,40.74563,-73.902985
52 St,7,457,40.74415,-73.91255
46 St-Bliss St,7,458,40.743134,-73.918434
40 St-Lowery St,7,459,40.743782,-73.92402
33 St-Rawson St,7,460,40.744587,-73.931
Queensboro Plaza,7,461,40.750584,-73.9402
Court Sq,7,606,40.747845,-73.94383
Hunters Point Av,7,463,40.742214,-73.94891
Vernon Blvd-Jackson Av,7,464,40.742626,-73.95358
Grand Central-42 St,7,610,40.751778,-73.976845
5 Av,7,457,40.74415,-73.91255
Times Sq-42 St,7,611,40.75731,-73.986755
34 St-Hudson Yards,7,471,40.755882,-74.00191
Inwood-207 St,A,143,40.868073,-73.9199
Dyckman St,A,"299,144",40.86549,-73.92727
190 St,A,145,40.85902,-73.93418
181 St,A,"146,301",40.851696,-73.937965
175 St,A,147,40.84739,-73.939705
168 St,A,605,40.840717,-73.93956
145 St,A,"437,151,304",40.824783,-73.944214
125 St,A,"392,153,306,439",40.811108,-73.95235
59 St-Columbus Circle,A,614,40.768295,-73.981735
42 St-Port Authority Bus Terminal,A,"164,318",40.75229,-73.99339
34 St-Penn Station,A,"164,318",40.75229,-73.99339
14 St,A,"437,151,304",40.824783,-73.944214
W 4 St-Washington Sq,A,167,40.732338,-74.000496
Canal St,A,"169,623,325",40.720825,-74.005226
Chambers St,A,"169,623,325",40.720825,-74.005226
Fulton St,A,"628,292",40.710373,-74.00657
High St,A,173,40.699337,-73.99053
Jay St-MetroTech,A,636,40.692337,-73.98734
Hoyt-Schermerhorn,A,175,40.688484,-73.985
Nostrand Av,A,"343,179",40.68044,-73.950424
Utica Av,A,181,40.679363,-73.93073
Broadway Junction,A,621,40.678333,-73.90532
Euclid Av,A,188,40.675377,-73.87211
Grant Av,A,189,40.677044,-73.86505
80 St,A,190,40.67937,-73.85899
88 St,A,191,40.679844,-73.85147
Rockaway Blvd,A,192,40.680428,-73.84386
104 St,A,"82,193",40.68171,-73.837685
111 St,A,"194,449,81",40.68433,-73.83216
Ozone Pk-Lefferts Boulevard,A,195,40.68595,-73.8258
Aqueduct Racetrack,A,196,40.672096,-73.83592
Aqueduct-North Conduit Av,A,197,40.668236,-73.83406
Howard Beach-JFK Airport,A,198,40.660477,-73.8303
Broad Channel,A,199,40.608383,-73.815926
Beach 67 St,A,204,40.590927,-73.79692
Beach 60 St,A,205,40.592373,-73.78852
Beach 44 St,A,206,40.59294,-73.77602
Beach 36 St,A,207,40.595398,-73.76817
Beach 25 St,A,208,40.600067,-73.76135
Far Rockaway-Mott Av,A,209,40.603996,-73.7554
Broad Channel,A,199,40.608383,-73.815926
Beach 90 St,A,200,40.588036,-73.813644
Beach 98 St,A,201,40.585308,-73.82056
Beach 105 St,A,202,40.58321,-73.82756
Rockaway Park-Beach 116 St,A,203,40.580902,-73.835594
168 St,C,605,40.840717,-73.93956
163 St-Amsterdam Av,C,149,40.836014,-73.939896
155 St,C,"220,150",40.830517,-73.94151
145 St,C,"437,151,304",40.824783,-73.944214
135 St,C,"152,438",40.817894,-73.94765
125 St,C,"392,153,306,439",40.811108,-73.95235
116 St,C,"393,154,440",40.805084,-73.95488
Cathedral Pkwy (110 St),C,"169,623,325",40.720825,-74.005226
103 St,C,"156,309,395",40.796093,-73.96146
96 St,C,"310,157,475,396",40.79164,-73.9647
86 St,C,"397,476,38,311,158,79",40.78587,-73.96892
81 St-Museum of Natural History,C,159,40.781433,-73.972145
72 St,C,"313,160,477",40.775593,-73.97641
59 St-Columbus Circle,C,614,40.768295,-73.981735
50 St,C,"61,162,316",40.762455,-73.985985
42 St-Port Authority Bus Terminal,C,159,40.781433,-73.972145
34 St-Penn Station,C,"164,318",40.75229,-73.99339
23 St,C,"405,165,14,228,320",40.745907,-73.99804
14 St,C,"437,151,304",40.824783,-73.944214
W 4-Washington Sq,C,"291,177",40.68326,-73.965836
Spring St,C,"409,168",40.726227,-74.00374
Canal St,C,"169,623,325",40.720825,-74.005226
Chambers St,C,"169,623,325",40.720825,-74.005226
Fulton St,C,"628,292",40.710373,-74.00657
High St,C,173,40.699337,-73.99053
Jay St-MetroTech,C,636,40.692337,-73.98734
Hoyt-Schermerhorn,C,175,40.688484,-73.985
Lafayette Av,C,176,40.68611,-73.973946
Clinton-Washington Avs,C,"291,177",40.68326,-73.965836
Franklin Av,C,627,40.68138,-73.95685
Nostrand Av,C,"343,179",40.68044,-73.950424
Kingston-Throop Avs,C,180,40.67992,-73.94086
Utica Av,C,181,40.679363,-73.93073
Ralph Av,C,182,40.67882,-73.920784
Rockaway Av,C,"348,183",40.67834,-73.91195
Broadway Junction,C,621,40.678333,-73.90532
Liberty Av,C,185,40.67454,-73.896545
Van Siclen Av,C,"351,90,186",40.67271,-73.89036
Shepherd Av,C,187,40.67413,-73.88075
Euclid Av,C,188,40.675377,-73.87211
Norwood-205 St,D,210,40.87481,-73.87885
Bedford Park Blvd,D,211,40.873245,-73.88714
Kingsbridge Rd,D,"212,381",40.866978,-73.89351
Fordham Rd,D,"213,382",40.861298,-73.89775
182-183 Sts,D,214,40.856094,-73.90074
Tremont Av,D,215,40.85041,-73.90523
174-175 Sts,D,216,40.8459,-73.91013
170 St,D,"217,387",40.839306,-73.9134
167 St,D,"388,218",40.83377,-73.91844
161 St-Yankee Stadium,D,604,40.827995,-73.92565
155 St,D,"220,150",40.830135,-73.93821
145 St,D,"437,151,304",40.824783,-73.944214
125 St,D,"392,153,306,439",40.811108,-73.95235
59 St-Columbus Circle,D,614,40.768295,-73.981735
7 Av,D,"240,41,277",40.762863,-73.981636
47-50 Sts-Rockefeller Ctr,D,225,40.758663,-73.98133
42 St-Bryant Pk,D,607,40.749718,-73.98782
34 St-Herald Sq,D,607,40.749718,-73.98782
W 4 St-Washington Sq,D,167,40.732338,-74.000496
Broadway-Lafayette St,D,619,40.725914,-73.99466
Grand St,D,"123,231",40.718266,-73.99375
Atlantic Av-Barclays Ctr,D,617,40.68436,-73.97767
36 St,D,"272,32",40.655144,-74.00355
9 Av,D,59,40.646294,-73.99432
Fort Hamilton Pkwy,D,"242,72,60",40.640915,-73.9943
50 St,D,"61,162,316",40.63626,-73.99479
55 St,D,62,40.631435,-73.995476
62 St,D,"272,32",40.655144,-74.00355
71 St,D,64,40.61959,-73.99886
79 St,D,"312,65",40.613503,-74.00061
18 Av,D,"74,245,66",40.607952,-74.00174
20 Av,D,"67,75",40.604557,-73.99817
Bay Pkwy,D,"68,247,76",40.601875,-73.99373
25 Av,D,69,40.597706,-73.98683
Bay-50 St,D,"61,162,316",40.63626,-73.99479
Coney Island-Stillwell Av,D,58,40.577423,-73.98123
Jamaica Center–Parsons/Archer,E,278,40.70215,-73.80111
Sutphin Blvd–Archer Av–JFK Airport,E,279,40.700485,-73.80797
Jamaica–Van Wyck,E,280,40.702564,-73.81686
Briarwood,E,258,40.70918,-73.82057
Kew Gardens–Union Tpke,E,259,40.71444,-73.83101
75 Av,E,260,40.71833,-73.837326
Forest Hills–71 Av,E,261,40.72169,-73.84452
Jackson Hts–Roosevelt Av,E,261,40.72169,-73.84452
Queens Plaza,E,273,40.748974,-73.93724
Court Sq–23 St,E,606,40.747845,-73.94383
Lexington Av/53 St,E,612,40.757553,-73.969055
5 Av/53 St,E,276,40.760166,-73.97523
7 Av,E,"240,41,277",40.762863,-73.981636
50 St,E,"61,162,316",40.762455,-73.985985
42 St–Port Authority Bus Terminal,E,"164,318",40.75229,-73.99339
34 St–Penn Station,E,"164,318",40.75229,-73.99339
23 St,E,"405,165,14,228,320",40.745907,-73.99804
14 St,E,618,40.740894,-74.00169
W 4 St–Washington Sq,E,167,40.732338,-74.000496
Spring St,E,"409,168",40.726227,-74.00374
Canal St,E,"169,623,325",40.720825,-74.005226
World Trade Center,E,278,40.70215,-73.80111
Court Sq,G,606,40.747845,-73.94383
21 St,G,282,40.744064,-73.94972
Greenpoint Av,G,283,40.731354,-73.95445
Nassau Av,G,284,40.724636,-73.95128
Metropolitan Av,G,283,40.731354,-73.95445
Broadway,G,"286,4",40.706093,-73.95031
Flushing Av,G,"98,287",40.70038,-73.95023
Myrtle–Willoughby Avs,G,288,40.69457,-73.94904
Bedford–Nostrand Avs,G,289,40.68963,-73.95352
Classon Av,G,290,40.688873,-73.96007
Clinton–Washington Avs,G,"291,177",40.688087,-73.96684
Fulton St,G,"628,292",40.68712,-73.97537
Hoyt–Schermerhorn,G,175,40.688484,-73.985
Bergen St,G,"236,339",40.686146,-73.99086
Carroll St,G,237,40.6803,-73.99505
Smith–9 Sts,G,238,40.67358,-73.99596
4 Av–9 Sts,G,608,40.670273,-73.98978
7 Av,G,"240,41,277",40.66627,-73.98031
15 St–Prospect Park,G,241,40.660366,-73.97949
Fort Hamilton Pkwy,G,"242,72,60",40.650784,-73.97578
Church Av,G,"356,44,243",40.64404,-73.979675
Jamaica Center–Parsons/Archer,J,278,40.70215,-73.80111
Sutphin Blvd–Archer Av–JFK Airport,J,279,40.700485,-73.80797
121 St,J,80,40.700493,-73.82829
111 St,J,"194,449,81",40.69742,-73.83634
104 St,J,"82,193",40.69518,-73.84433
Woodhaven Blvd,J,"83,264",40.69388,-73.85158
85 St–Forest Pkwy,J,84,40.692436,-73.86001
75 St–Elderts Ln,J,85,40.691322,-73.86714
Cypress Hills,J,86,40.68994,-73.87255
Crescent St,J,87,40.683193,-73.87379
Norwood Av,J,88,40.68141,-73.880035
Cleveland St,J,89,40.679947,-73.884636
Van Siclen Av,J,"351,90,186",40.678024,-73.891685
Alabama Av,J,91,40.67699,-73.89865
Broadway Junction,J,621,40.678333,-73.90532
Chauncey St,J,93,40.68289,-73.91045
Halsey St,J,"129,94",40.68637,-73.91656
Gates Av,J,95,40.68963,-73.92227
Kosciuszko St,J,96,40.69334,-73.92882
Myrtle Av,J,97,40.69721,-73.93565
Flushing Av,J,"98,287",40.70026,-73.941124
Lorimer St,J,99,40.70387,-73.94741
Hewes St,J,100,40.70687,-73.95343
Marcy Av,J,101,40.70836,-73.957756
Delancey St–Essex St,J,93,40.68289,-73.91045
Bowery,J,103,40.72028,-73.99391
Canal St,J,"169,623,325",40.71953,-73.99989
Chambers St,J,93,40.68289,-73.91045
Fulton St,J,"628,292",40.710373,-74.00657
Broad St,J,107,40.706474,-74.011055
8 Av,L,119,40.730953,-73.98163
6 Av,L,119,40.730953,-73.98163
14 St–Union Sq,L,602,40.735737,-73.98995
3 Av,L,118,40.73285,-73.98612
1 Av,L,119,40.730953,-73.98163
Bedford Av,L,120,40.717304,-73.95687
Lorimer St,L,629,40.71406,-73.95027
Graham Av,L,122,40.714565,-73.94405
Grand St,L,"123,231",40.711926,-73.94067
Montrose Av,L,124,40.70774,-73.93985
Morgan Av,L,125,40.706154,-73.93314
Jefferson St,L,126,40.706608,-73.92291
DeKalb Av,L,"26,127",40.70381,-73.91843
Myrtle–Wyckoff Avs,L,630,40.699814,-73.91158
Halsey St,L,"129,94",40.695602,-73.90408
Wilson Av,L,130,40.688763,-73.904045
Bushwick Av–Aberdeen St,L,131,40.68283,-73.90525
Broadway Junction,L,621,40.678333,-73.90532
Atlantic Av,L,133,40.675346,-73.9031
Sutter Av,L,134,40.66937,-73.90198
Livonia Av,L,135,40.66404,-73.90057
New Lots Av,L,"136,352",40.658733,-73.89923
East 105 St,L,137,40.650574,-73.89948
Canarsie–Rockaway Pkwy,L,138,40.646652,-73.90185
Astoria–Ditmars Blvd,N,1,40.775036,-73.91203
Astoria Blvd,N,2,40.77026,-73.91785
30 Av,N,3,40.76678,-73.92148
Broadway (Astoria),N,2,40.77026,-73.91785
36 Av,N,5,40.756805,-73.92957
39 Av,N,3,40.76678,-73.92148
Queensboro Plaza,N,461,40.750584,-73.9402
Lexington Av/59 St,N,613,40.762527,-73.967964
5 Av/59 St,N,8,40.764812,-73.97335
57 St–7 Av,N,9,40.764664,-73.98066
49 St,N,10,40.7599,-73.98414
Times Sq–42 St,N,611,40.75731,-73.986755
34 St–Herald Sq,N,607,40.749718,-73.98782
14 St–Union Sq,N,602,40.735737,-73.98995
Canal St,N,"169,623,325",40.71953,-73.99989
Atlantic Av–Barclays Ctr,N,617,40.68436,-73.97767
36 St,N,"272,32",40.655144,-74.00355
59 St,N,35,40.64136,-74.01788
8 Av (Brooklyn),N,71,40.635063,-74.01172
Fort Hamilton Pkwy,N,"242,72,60",40.631386,-74.00535
New Utrecht Av,N,615,40.626472,-73.99635
18 Av,N,"74,245,66",40.62067,-73.99042
20 Av,N,"67,75",40.61741,-73.98502
Bay Pkwy,N,"68,247,76",40.611816,-73.98185
Kings Hwy,N,"250,77,51",40.603924,-73.980354
Avenue U,N,"78,52,251",40.597473,-73.97913
86 St,N,"397,476,38,311,158,79",40.59272,-73.97823
Coney Island–Stillwell Av,N,58,40.577423,-73.98123
96 St,Q,"310,157,475,396",40.784317,-73.94715
86 St,Q,"397,476,38,311,158,79",40.77789,-73.95179
72 St,Q,"313,160,477",40.7688,-73.95843
Lexington Av/63 St,Q,223,40.76463,-73.96611
57 St–7 Av,Q,9,40.764664,-73.98066
Times Sq–42 St,Q,611,40.75731,-73.986755
34 St–Herald Sq,Q,607,40.749718,-73.98782
14 St–Union Sq,Q,602,40.735737,-73.98995
Canal St,Q,"169,623,325",40.71953,-73.99989
DeKalb Av,Q,"26,127",40.690636,-73.98183
Atlantic Av–Barclays Ctr,Q,617,40.68436,-73.97767
7 Av,Q,"240,41,277",40.67705,-73.97237
Prospect Park,Q,42,40.661613,-73.96225
Parkside Av,Q,43,40.655293,-73.961494
Church Av,Q,"356,44,243",40.650528,-73.96298
Beverly Rd,Q,45,40.64403,-73.96449
Cortelyou Rd,Q,46,40.640926,-73.96389
Newkirk Plaza,Q,47,40.635082,-73.96279
Avenue H,Q,48,40.62927,-73.96164
Avenue J,Q,49,40.62504,-73.9608
Avenue M,Q,50,40.61762,-73.9594
Kings Hwy,Q,"250,77,51",40.60867,-73.95773
Avenue U,Q,"78,52,251",40.5993,-73.95593
Neck Rd,Q,53,40.595245,-73.95516
Sheepshead Bay,Q,54,40.586895,-73.954155
Brighton Beach,Q,55,40.57762,-73.96137
Ocean Pkwy,Q,56,40.576313,-73.9685
W 8 St–NY Aquarium,Q,57,40.576126,-73.97594
Coney Island–Stillwell Av,Q,58,40.577423,-73.98123
Forest Hills–71 Av,R,261,40.72169,-73.84452
67 Av,R,262,40.726524,-73.85272
63 Dr–Rego Park,R,263,40.729847,-73.8616
Woodhaven Blvd,R,"83,264",40.733105,-73.86923
Grand Av,R,265,40.737015,-73.87722
Elmhurst Av,R,266,40.742455,-73.88202
Jackson Hts–Roosevelt Av,R,"432,30",40.665413,-73.992874
65 St,R,268,40.74967,-73.89845
Northern Blvd,R,269,40.752884,-73.906006
46 St,R,270,40.756313,-73.91333
Steinway St,R,271,40.756878,-73.92074
36 St,R,"272,32",40.75204,-73.92878
Queens Plaza,R,273,40.748974,-73.93724
Lexington Av/59 St,R,613,40.762527,-73.967964
5 Av/59 St,R,8,40.764812,-73.97335
57 St–7 Av,R,9,40.764664,-73.98066
49 St,R,10,40.7599,-73.98414
Times Sq–42 St,R,611,40.75731,-73.986755
34 St–Herald Sq,R,607,40.749718,-73.98782
28 St,R,"13,319,404",40.745495,-73.98869
23 St,R,"405,165,14,228,320",40.741302,-73.98934
14 St–Union Sq,R,602,40.735737,-73.98995
8 St–NYU,R,16,40.730328,-73.99263
Prince St,R,17,40.72433,-73.9977
Canal St,R,"169,623,325",40.71953,-73.99989
City Hall,R,20,40.713284,-74.00698
Cortlandt St,R,"169,623,325",40.71953,-73.99989
Rector St,R,"329,22",40.70722,-74.01334
Whitehall St–South Ferry,R,611,40.75731,-73.986755
Court St,R,"329,22",40.70722,-74.01334
Jay St–MetroTech,R,636,40.692337,-73.98734
DeKalb Av,R,"26,127",40.690636,-73.98183
Atlantic Av–Barclays Ctr,R,617,40.68436,-73.97767
Union St,R,28,40.677315,-73.98311
4 Av–9 St,R,8,40.764812,-73.97335
Prospect Av,R,"432,30",40.665413,-73.992874
25 St,R,31,40.660397,-73.99809
36 St,R,"272,32",40.75204,-73.92878
45 St,R,33,40.648937,-74.01001
53 St,R,34,40.64507,-74.01403
59 St,R,35,40.64136,-74.01788
Bay Ridge Av,R,36,40.634968,-74.02338
77 St,R,"398,37",40.62974,-74.02551
86 St,R,"397,476,38,311,158,79",40.62269,-74.0284
Bay Ridge–95 St,R,39,40.616623,-74.030876
Times Sq–42 St,S,611,40.75731,-73.986755
Grand Central–42 St,S,610,40.751778,-73.976845
Franklin Av,S,627,40.68138,-73.95685
Park Place,S,141,40.67477,-73.95763
Botanic Garden,S,199,40.608383,-73.815926
Prospect Park,S,42,40.661613,-73.96225
Broad Channel,S,199,40.608383,-73.815926
Beach 90 St,S,200,40.588036,-73.813644
Beach 98 St,S,201,40.585308,-73.82056
Beach 105 St,S,202,40.58321,-73.82756
Rockaway Park–Beach 116 St,S,203,40.580902,-73.835594
Astoria–Ditmars Blvd,W,1,40.775036,-73.91203
Astoria Blvd,W,2,40.77026,-73.91785
30 Av,W,3,40.76678,-73.92148
Broadway,W,"286,4",40.76182,-73.92551
36 Av,W,5,40.756805,-73.92957
39 Av,W,3,40.76678,-73.92148
Queensboro Plaza,W,461,40.750584,-73.9402
Lexington Av/59 St,W,613,40.762527,-73.967964
5 Av/59 St,W,8,40.764812,-73.97335
57 St–7 Av,W,9,40.764664,-73.98066
49 St,W,10,40.7599,-73.98414
Times Sq–42 St,W,611,40.75731,-73.986755
34 St–Herald Sq,W,607,40.749718,-73.98782
28 St,W,"13,319,404",40.745495,-73.98869
23 St,W,"405,165,14,228,320",40.741302,-73.98934
14 St–Union Sq,W,602,40.735737,-73.98995
8 St–NYU,W,16,40.730328,-73.99263
Prince St,W,17,40.72433,-73.9977
Canal St,W,"169,623,325",40.71953,-73.99989
City Hall,W,20,40.713284,-74.00698
Cortlandt St,W,"169,623,325",40.71953,-73.99989
Rector St,W,"329,22",40.70722,-74.01334
Whitehall St–South Ferry,W,6,40.75288,-73.932755
Jamaica Center–Parsons/Archer,Z,278,40.70215,-73.80111
Sutphin Blvd–Archer Av–JFK Airport,Z,279,40.700485,-73.80797
121 St,Z,80,40.700493,-73.82829
104 St,Z,"82,193",40.69518,-73.84433
Woodhaven Blvd,Z,"83,264",40.69388,-73.85158
75 St–Elderts Ln,Z,85,40.691322,-73.86714
Crescent St,Z,87,40.683193,-73.87379
Norwood Av,Z,88,40.68141,-73.880035
Van Siclen Av,Z,"351,90,186",40.678024,-73.891685
Alabama Av,Z,"169,623,325",40.71953,-73.99989
Broadway Junction,Z,621,40.678333,-73.90532
Chauncey St,Z,93,40.68289,-73.91045
Gates Av,Z,95,40.68963,-73.92227
Myrtle Av,Z,97,40.69721,-73.93565
Marcy Av,Z,101,40.70836,-73.957756
Delancey St–Essex St,Z,93,40.68289,-73.91045
Bowery,Z,103,40.72028,-73.99391
Canal St,Z,"169,623,325",40.71953,-73.99989
Chambers St,Z,93,40.68289,-73.91045
Fulton St,Z,"628,292",40.710373,-74.00657
Broad St,Z,107,40.706474,-74.011055
